ticker,false
A,false
AA,false
AAL,false
AAMC,false
AAN,false
AAOI,false
AAON,false
AAP,false
AAPL,true
AAT,false
AAWW,false
ABAX,false
ABBV,false
ABC,false
ABCB,false
ABCO,false
ABFS,false
ABG,false
ABM,false
ABMD,false
ABT,false
ACAD,false
ACAS,false
ACAT,false
ACC,false
ACCL,false
ACCO,false
ACE,false
ACET,false
ACFN,false
ACGL,false
ACHC,false
ACHN,false
ACI,false
ACIW,false
ACLS,false
ACM,false
ACN,false
ACO,false
ACOR,false
ACRE,false
ACRX,false
ACTG,false
ACW,false
ACXM,false
ADBE,false
ADC,false
ADES,false
ADI,false
ADM,false
ADMS,false
ADNC,false
ADP,false
ADS,false
ADSK,false
ADT,false
ADTN,false
ADUS,false
ADVS,false
AE,false
AEC,false
AEE,false
AEGN,false
AEGR,false
AEIS,false
AEL,false
AEO,false
AEP,false
AEPI,false
AERI,false
AES,false
AET,false
AF,false
AFAM,false
AFFX,false
AFG,false
AFH,false
AFL,false
AFOP,false
AFSI,false
AGCO,false
AGEN,false
AGII,false
AGIO,false
AGM,false
AGN,false
AGNC,false
AGO,false
AGTC,false
AGX,false
AGYS,false
AHC,false
AHH,false
AHL,false
AHP,false
AHS,false
AHT,false
AI,false
AIG,false
AIMC,false
AIN,false
AINV,false
AIQ,false
AIR,false
AIRM,false
AIT,false
AIV,false
AIZ,false
AJG,false
AKAM,false
AKAO,false
AKBA,false
AKR,false
AKRX,false
AKS,false
AL,false
ALB,false
ALCO,false
ALDR,false
ALE,false
ALEX,false
ALG,false
ALGN,false
ALGT,false
ALIM,false
ALJ,false
ALK,false
ALKS,false
ALL,false
ALLE,false
ALNY,false
ALOG,false
ALR,false
ALSN,false
ALTR,false
ALX,false
ALXN,false
AMAG,false
AMAT,false
AMBA,false
AMBC,false
AMBR,false
AMC,false
AMCC,false
AMCX,false
AMD,false
AME,false
AMED,false
AMG,false
AMGN,false
AMKR,false
AMNB,false
AMP,false
AMPE,false
AMRC,false
AMRE,false
AMRI,false
AMRS,false
AMSC,false
AMSF,false
AMSG,false
AMSWA,false
AMT,false
AMTD,false
AMTG,false
AMWD,false
AMZG,false
AMZN,false
AN,false
ANAC,false
ANAD,false
ANAT,false
ANCX,false
ANDE,false
ANDV,false
ANF,false
ANGI,false
ANGO,false
ANH,false
ANIK,false
ANIP,false
ANN,false
ANR,false
ANSS,false
ANTM,false
ANV,false
AOI,false
AOL,false
AON,false
AOS,false
AOSL,false
AP,false
APA,false
APAGF,false
APAM,false
APC,false
APD,false
APEI,false
APH,false
APL,false
APOG,false
APOL,false
APP,false
APTV,false
ARAY,false
ARC,false
ARCB,false
ARCC,false
ARCW,false
ARE,false
AREX,false
ARG,false
ARI,false
ARIA,false
ARII,false
ARNA,false
ARNC,false
ARO,false
AROW,false
ARPI,false
ARQL,false
ARR,false
ARRS,false
ARRY,false
ARSD,false
ARTC,false
ARTNA,false
ARUN,false
ARW,false
ARWR,false
ARX,false
ASBC,false
ASC,false
ASCMA,false
ASEI,false
ASGN,false
ASH,false
ASNA,false
ASPS,false
ASPX,false
ASTE,false
AT,false
ATEC,false
ATEN,false
ATHN,false
ATI,false
ATK,false
ATLO,false
ATMI,false
ATML,false
ATNI,false
ATNM,false
ATNY,false
ATO,false
ATR,false
ATRC,false
ATRI,false
ATRO,false
ATRS,false
ATSG,false
ATU,false
ATVI,false
ATW,false
AUXL,false
AVA,false
AVAV,false
AVB,false
AVD,false
AVEO,false
AVG,false
AVGO,false
AVHI,false
AVID,false
AVIV,false
AVNR,false
AVNW,false
AVP,false
AVT,false
AVX,false
AVY,false
AWAY,false
AWH,false
AWI,false
AWK,false
AWR,false
AXAS,false
AXDX,false
AXE,false
AXL,false
AXLL,false
AXP,true
AXS,false
AYI,false
AYR,false
AZO,false
AZPN,false
AZZ,false
B,false
BA,true
BABY,false
BAC,false
BAGL,false
BAGR,false
BAH,false
BALT,false
BANC,false
BANF,false
BANR,false
BAS,false
BAX,false
BBBY,false
BBCN,false
BBG,false
BBGI,false
BBNK,false
BBOX,false
BBRG,false
BBSI,false
BBT,false
BBW,false
BBX,false
BBY,false
BC,false
BCC,false
BCEI,false
BCO,false
BCOR,false
BCOV,false
BCPC,false
BCR,false
BCRX,false
BDBD,false
BDC,false
BDE,false
BDGE,false
BDN,false
BDSI,false
BDX,false
BEAM,false
BEAT,false
BEAV,false
BEBE,false
BECN,false
BEE,false
BELFB,false
BEN,false
BERY,false
BFAM,false
BFIN,false
BFS,false
BF_B,false
BG,false
BGC,false
BGCP,false
BGFV,false
BGG,false
BGS,false
BH,false
BHB,false
BHE,false
BHF,false
BHGE,false
BHI,false
BHLB,false
BID,false
BIDU,false
BIG,false
BIIB,false
BIO,false
BIOL,false
BIOS,false
BIRT,false
BJRI,false
BK,false
BKCC,false
BKD,false
BKE,false
BKH,false
BKMU,false
BKNG,false
BKS,false
BKU,false
BKW,false
BKYF,false
BLDR,false
BLK,false
BLKB,false
BLL,false
BLMN,false
BLOX,false
BLT,false
BLUE,false
BLX,false
BMI,false
BMR,false
BMRC,false
BMRN,false
BMS,false
BMTC,false
BMY,false
BNCL,false
BNCN,false
BNFT,false
BNNY,false
BOBE,false
BODY,false
BOFI,false
BOH,false
BOKF,false
BOLT,false
BONT,false
BOOM,false
BP,false
BPFH,false
BPI,false
BPOP,false
BPTH,false
BPZ,false
BR,false
BRC,false
BRCD,false
BRCM,false
BRDR,false
BREW,false
BRKL,false
BRKR,false
BRKS,false
BRK_A,false
BRK_B,false
BRLI,false
BRO,false
BRS,false
BRSS,false
BRT,false
BSET,false
BSFT,false
BSRR,false
BSTC,false
BSX,false
BTH,false
BTU,false
BTX,false
BURL,false
BUSE,false
BV,false
BWA,false
BWC,false
BWINB,false
BWLD,false
BWS,false
BXC,false
BXLT,false
BXP,false
BXS,false
BYD,false
BYI,false
BZH,false
C,false
CA,false
CAB,false
CAC,false
CACB,false
CACC,false
CACI,false
CACQ,false
CAG,false
CAH,false
CAKE,false
CALD,false
CALL,false
CALM,false
CALX,false
CAM,false
CAMP,false
CAP,false
CAR,false
CARA,false
CARB,false
CAS,false
CASH,false
CASS,false
CASY,false
CAT,true
CATM,false
CATO,false
CATY,false
CAVM,false
CB,false
CBB,false
CBEY,false
CBF,false
CBG,false
CBI,false
CBK,false
CBL,false
CBM,false
CBOE,false
CBPX,false
CBR,false
CBRE,false
CBRL,false
CBS,false
CBSH,false
CBST,false
CBT,false
CBU,false
CBZ,false
CCBG,false
CCC,false
CCE,false
CCF,false
CCG,false
CCI,false
CCK,false
CCL,false
CCMP,false
CCNE,false
CCO,false
CCOI,false
CCRN,false
CCXI,false
CDE,false
CDI,false
CDNS,false
CDR,false
CE,false
CEB,false
CECE,false
CECO,false
CELG,false
CEMP,false
CENTA,false
CENX,false
CERN,false
CERS,false
CETV,false
CEVA,false
CF,false
CFFI,false
CFFN,false
CFG,false
CFI,false
CFN,false
CFNB,false
CFNL,false
CFR,false
CFX,false
CGI,false
CGNX,false
CHCO,false
CHD,false
CHDN,false
CHDX,false
CHE,false
CHEF,false
CHFC,false
CHFN,false
CHGG,false
CHH,false
CHK,false
CHKP,false
CHMG,false
CHMT,false
CHRW,false
CHS,false
CHSP,false
CHTP,false
CHTR,false
CHUY,false
CI,false
CIA,false
CIDM,false
CIE,false
CIEN,false
CIFC,false
CIM,false
CINF,false
CIR,false
CIT,false
CIX,false
CJES,false
CKEC,false
CKH,false
CKP,false
CL,false
CLC,false
CLCT,false
CLD,false
CLDT,false
CLDX,false
CLF,false
CLFD,false
CLGX,false
CLH,false
CLI,false
CLMS,false
CLNE,false
CLNY,false
CLR,false
CLUB,false
CLVS,false
CLW,false
CLX,false
CMA,false
CMC,false
CMCO,false
CMCSA,false
CMCSK,false
CME,false
CMG,false
CMI,false
CMLS,false
CMN,false
CMO,false
CMP,false
CMRX,false
CMS,false
CMTL,false
CNA,false
CNBC,false
CNBKA,false
CNC,false
CNDO,false
CNK,false
CNL,false
CNMD,false
CNO,false
CNOB,false
CNP,false
CNQR,false
CNS,false
CNSI,false
CNSL,false
CNVR,false
CNW,false
CNX,false
COB,false
COBZ,false
COCO,false
CODE,false
COF,false
COG,false
COH,false
COHR,false
COHU,false
COKE,false
COL,false
COLB,false
COLM,false
CONE,false
CONN,false
COO,false
COP,false
COR,false
CORE,false
CORR,false
CORT,false
COST,false
COTY,false
COUP,false
COV,false
COVS,false
COWN,false
CPA,false
CPB,false
CPE,false
CPF,false
CPGX,false
CPHD,false
CPK,false
CPLA,false
CPN,false
CPRT,false
CPS,false
CPSI,false
CPSS,false
CPST,false
CPT,false
CPWR,false
CQB,false
CR,false
CRAI,false
CRAY,false
CRCM,false
CRD_B,false
CREE,false
CRI,false
CRIS,false
CRK,false
CRL,false
CRM,false
CRMT,false
CROX,false
CRR,false
CRRC,false
CRRS,false
CRS,false
CRUS,false
CRVL,false
CRWN,false
CRY,false
CRZO,false
CSBK,false
CSC,false
CSCD,false
CSCO,true
CSE,false
CSFL,false
CSG,false
CSGP,false
CSGS,false
CSH,false
CSII,false
CSL,false
CSLT,false
CSOD,false
CSRA,false
CSS,false
CST,false
CSU,false
CSV,false
CSWC,false
CSX,false
CTAS,false
CTB,false
CTBI,false
CTCT,false
CTG,false
CTIC,false
CTL,false
CTO,false
CTRE,false
CTRL,false
CTRN,false
CTRX,false
CTS,false
CTSH,false
CTT,false
CTWS,false
CTXS,false
CUB,false
CUBE,false
CUBI,false
CUDA,false
CUI,false
CUNB,false
CUR,false
CUTR,false
CUZ,false
CVA,false
CVBF,false
CVC,false
CVCO,false
CVD,false
CVEO,false
CVG,false
CVGI,false
CVGW,false
CVI,false
CVLT,false
CVO,false
CVS,false
CVT,false
CVX,true
CW,false
CWCO,false
CWEI,false
CWH,false
CWST,false
CWT,false
CXO,false
CXW,false
CY,false
CYBX,false
CYH,false
CYN,false
CYNI,false
CYNO,false
CYS,false
CYT,false
CYTK,false
CYTR,false
CYTX,false
CZNC,false
CZR,false
D,false
DAKT,false
DAL,false
DAN,false
DAR,false
DATA,false
DAVE,false
DBD,false
DCI,false
DCO,false
DCOM,false
DCT,false
DD,false
DDD,false
DDR,false
DDS,false
DE,false
DECK,false
DEI,false
DEL,false
DELL,false
DENN,false
DEPO,false
DEST,false
DF,false
DFRG,false
DFS,false
DFT,false
DFZ,false
DG,false
DGAS,false
DGI,false
DGICA,false
DGII,false
DGX,false
DHI,false
DHIL,false
DHR,false
DHT,false
DHX,false
DIN,false
DIOD,false
DIS,true
DISCA,false
DISCK,false
DISH,false
DJCO,false
DK,false
DKS,false
DLB,false
DLLR,false
DLPH,false
DLR,false
DLTR,false
DLX,false
DMD,false
DMND,false
DMRC,false
DNB,false
DNDN,false
DNKN,false
DNR,false
DO,false
DOC,false
DOOR,false
DORM,false
DOV,false
DOW,false
DOX,false
DPS,false
DPZ,false
DRC,false
DRE,false
DRH,false
DRI,false
DRII,false
DRIV,false
DRL,false
DRNA,false
DRQ,false
DRTX,false
DSCI,false
DSPG,false
DST,false
DSW,false
DTE,false
DTLK,false
DTSI,false
DTV,false
DUK,false
DV,false
DVA,false
DVAX,false
DVN,false
DVR,false
DW,false
DWA,false
DWDP,false
DWRE,false
DWSN,false
DX,false
DXC,false
DXCM,false
DXLG,false
DXM,false
DXPE,false
DXYN,false
DY,false
DYAX,false
DYN,false
EA,false
EAC,false
EAT,false
EBAY,false
EBF,false
EBIO,false
EBIX,false
EBS,false
EBSB,false
EBTC,false
ECHO,false
ECL,false
ECOL,false
ECOM,false
ECPG,false
ECYT,false
ED,false
EDE,false
EDIG,false
EDMC,false
EDR,false
EE,false
EEFT,false
EFII,false
EFSC,false
EFX,false
EGAN,false
EGBN,false
EGHT,false
EGL,false
EGLT,false
EGN,false
EGOV,false
EGP,false
EGY,false
EHTH,false
EIG,false
EIGI,false
EIX,false
EL,false
ELGX,false
ELLI,false
ELNK,false
ELRC,false
ELS,false
ELX,false
ELY,false
EMC,false
EMCI,false
EME,false
EMN,false
EMR,false
END,false
ENDP,false
ENH,false
ENOC,false
ENPH,false
ENR,false
ENS,false
ENSG,false
ENT,false
ENTA,false
ENTG,false
ENTR,false
ENV,false
ENVE,false
ENZ,false
ENZN,false
EOG,false
EOPN,false
EOX,false
EPAM,false
EPAY,false
EPIQ,false
EPL,false
EPM,false
EPR,false
EPZM,false
EQIX,false
EQR,false
EQT,false
EQU,false
EQY,false
ERA,false
ERIE,false
ERII,false
EROS,false
ES,false
ESBF,false
ESC,false
ESCA,false
ESE,false
ESGR,false
ESI,false
ESIO,false
ESL,false
ESNT,false
ESPR,false
ESRT,false
ESRX,false
ESS,false
ESSA,false
ESV,false
ETFC,false
ETH,false
ETM,false
ETN,false
ETR,false
EV,false
EVC,false
EVDY,false
EVER,false
EVHC,false
EVR,false
EVRY,false
EVTC,false
EW,false
EWBC,false
EXAC,false
EXAM,false
EXAR,false
EXAS,false
EXC,false
EXEL,false
EXH,false
EXL,false
EXLS,false
EXP,false
EXPD,false
EXPE,false
EXPO,false
EXPR,false
EXR,false
EXTR,false
EXXI,false
EZPW,false
F,false
FAF,false
FANG,false
FARM,false
FARO,false
FAST,false
FB,false
FBC,false
FBHS,false
FBIZ,false
FBNC,false
FBNK,false
FBP,false
FBRC,false
FC,false
FCBC,false
FCEL,false
FCE_A,false
FCF,false
FCFS,false
FCH,false
FCN,false
FCNCA,false
FCS,false
FCSC,false
FCX,false
FDEF,false
FDML,false
FDO,false
FDP,false
FDS,false
FDUS,false
FDX,false
FE,false
FEIC,false
FELE,false
FET,false
FF,false
FFBC,false
FFBH,false
FFG,false
FFIC,false
FFIN,false
FFIV,false
FFKT,false
FFNW,false
FGL,false
FHCO,false
FHN,false
FIBK,false
FICO,false
FII,false
FINL,false
FIO,false
FIS,false
FISI,false
FISV,false
FITB,false
FIVE,false
FIVN,false
FIX,false
FIZZ,false
FL,false
FLDM,false
FLIC,false
FLIR,false
FLO,false
FLR,false
FLS,false
FLT,false
FLTX,false
FLWS,false
FLXN,false
FLXS,false
FMBI,false
FMC,false
FMD,false
FMER,false
FMI,false
FN,false
FNB,false
FNF,false
FNFG,false
FNGN,false
FNHC,false
FNLC,false
FNSR,false
FOE,false
FOLD,false
FOR,false
FORM,false
FORR,false
FOSL,false
FOX,false
FOXA,false
FOXF,false
FPO,false
FPRX,false
FR,false
FRAN,false
FRBK,false
FRC,false
FRED,false
FRF,false
FRGI,false
FRM,false
FRME,false
FRNK,false
FRO,false
FRP,false
FRSH,false
FRT,false
FRX,false
FSC,false
FSGI,false
FSL,false
FSLR,false
FSP,false
FSS,false
FST,false
FSTR,false
FSYS,false
FTD,false
FTI,false
FTK,false
FTNT,false
FTR,false
FTV,false
FUBC,false
FUEL,false
FUL,false
FULT,false
FUR,false
FURX,false
FVE,false
FWM,false
FWRD,false
FXCB,false
FXCM,false
FXEN,false
G,false
GABC,false
GAIA,false
GAIN,false
GALE,false
GALT,false
GARS,false
GAS,false
GB,false
GBCI,false
GBDC,false
GBL,false
GBLI,false
GBNK,false
GBX,false
GCA,false
GCAP,false
GCI,false
GCO,false
GD,false
GDOT,false
GDP,false
GE,true
GEF,false
GEO,false
GEOS,false
GERN,false
GES,false
GEVA,false
GFF,false
GFIG,false
GFN,false
GGG,false
GGP,false
GHC,false
GHDX,false
GHL,false
GHM,false
GIFI,false
GIII,false
GILD,false
GIMO,false
GIS,false
GK,false
GLAD,false
GLDD,false
GLF,false
GLNG,false
GLOG,false
GLPW,false
GLRE,false
GLRI,false
GLT,false
GLUU,false
GLW,false
GM,false
GMAN,false
GMCR,false
GME,false
GMED,false
GMO,false
GMT,false
GNC,false
GNCA,false
GNCMA,false
GNE,false
GNMK,false
GNRC,false
GNTX,false
GNW,false
GOGO,false
GOLD,false
GOOD,false
GOOG,false
GOOGL,false
GORO,false
GOV,false
GPC,false
GPI,false
GPK,false
GPN,false
GPOR,false
GPRE,false
GPS,false
GPT,false
GPX,false
GRA,false
GRC,false
GRIF,false
GRMN,false
GRPN,false
GRT,false
GRUB,false
GS,true
GSAT,false
GSBC,false
GSBD,false
GSIG,false
GSIT,false
GSM,false
GSOL,false
GST,false
GSVC,false
GT,false
GTAT,false
GTI,false
GTIV,false
GTLS,false
GTN,false
GTS,false
GTT,false
GTXI,false
GTY,false
GUID,false
GVA,false
GWR,false
GWRE,false
GWW,false
GXP,false
GY,false
H,false
HA,false
HAE,false
HAFC,false
HAIN,false
HAL,false
HALL,false
HALO,false
HAR,false
HAS,false
HASI,false
HAWK,false
HAYN,false
HBAN,false
HBCP,false
HBHC,false
HBI,false
HBIO,false
HBNC,false
HCA,false
HCBK,false
HCC,false
HCCI,false
HCI,false
HCKT,false
HCN,false
HCOM,false
HCP,false
HCSG,false
HCT,false
HD,true
HDNG,false
HE,false
HEAR,false
HEES,false
HEI,false
HELE,false
HELI,false
HEOP,false
HERO,false
HES,false
HF,false
HFC,false
HFWA,false
HGG,false
HGR,false
HHC,false
HHS,false
HI,false
HIBB,false
HIFS,false
HIG,false
HII,false
HIIQ,false
HIL,false
HILL,false
HITK,false
HITT,false
HIVE,false
HIW,false
HK,false
HL,false
HLF,false
HLIT,false
HLS,false
HLSS,false
HLT,false
HLX,false
HME,false
HMHC,false
HMN,false
HMPR,false
HMST,false
HMSY,false
HMTV,false
HNH,false
HNI,false
HNR,false
HNRG,false
HNT,false
HOFT,false
HOG,false
HOLX,false
HOMB,false
HOME,false
HON,false
HOS,false
HOT,false
HOV,false
HP,false
HPE,false
HPP,false
HPQ,false
HPT,false
HPTX,false
HPY,false
HR,false
HRB,false
HRC,false
HRG,false
HRL,false
HRS,false
HRTG,false
HRTX,false
HRZN,false
HSC,false
HSH,false
HSIC,false
HSII,false
HSNI,false
HSP,false
HST,false
HSTM,false
HSY,false
HT,false
HTA,false
HTBI,false
HTBK,false
HTCH,false
HTCO,false
HTGC,false
HTH,false
HTLD,false
HTLF,false
HTS,false
HTWR,false
HTZ,false
HUBG,false
HUB_B,false
HUM,false
HUN,false
HURC,false
HURN,false
HVB,false
HVT,false
HW,false
HWAY,false
HWCC,false
HWKN,false
HXL,false
HY,false
HZNP,false
HZO,false
I,false
IACI,false
IART,false
IBCA,false
IBCP,false
IBKC,false
IBKR,false
IBM,true
IBOC,false
IBP,false
IBTX,false
ICE,false
ICEL,false
ICFI,false
ICGE,false
ICON,false
ICPT,false
ICUI,false
IDA,false
IDCC,false
IDIX,false
IDRA,false
IDT,false
IDTI,false
IDXX,false
IEX,false
IFF,false
IFT,false
IG,false
IGT,false
IGTE,false
IHC,false
IHS,false
III,false
IIIN,false
IILG,false
IIVI,false
IL,false
ILMN,false
IM,false
IMGN,false
IMI,false
IMKTA,false
IMMR,false
IMMU,false
IMN,false
IMPV,false
INAP,false
INCY,false
INDB,false
INFA,false
INFI,false
INFN,false
INFO,false
INGN,false
INGR,false
ININ,false
INN,false
INO,false
INSM,false
INSY,false
INT,false
INTC,true
INTL,false
INTU,false
INTX,false
INVN,false
INWK,false
IO,false
IOSP,false
IP,false
IPAR,false
IPCC,false
IPCM,false
IPG,false
IPGP,false
IPHI,false
IPHS,false
IPI,false
IPXL,false
IQNT,false
IQV,false
IR,false
IRBT,false
IRC,false
IRDM,false
IRET,false
IRF,false
IRG,false
IRM,false
IRWD,false
ISBC,false
ISCA,false
ISH,false
ISIL,false
ISIS,false
ISLE,false
ISRG,false
ISRL,false
ISSC,false
ISSI,false
IT,false
ITC,false
ITCI,false
ITG,false
ITIC,false
ITMN,false
ITRI,false
ITT,false
ITW,false
IVAC,false
IVC,false
IVR,false
IVZ,false
IXYS,false
JACK,false
JAH,false
JAKK,false
JBHT,false
JBL,false
JBLU,false
JBSS,false
JBT,false
JCI,false
JCOM,false
JCP,false
JDSU,false
JEC,false
JGW,false
JIVE,false
JJSF,false
JKHY,false
JLL,false
JMBA,false
JNJ,true
JNPR,false
JNS,false
JNY,false
JOE,false
JONE,false
JOUT,false
JOY,false
JPM,true
JRN,false
JWN,false
JW_A,false
K,false
KAI,false
KALU,false
KAMN,false
KAR,false
KBALB,false
KBH,false
KBR,false
KCG,false
KCLI,false
KEG,false
KELYA,false
KEM,false
KERX,false
KEX,false
KEY,false
KEYW,false
KFRC,false
KFX,false
KFY,false
KHC,false
KIM,false
KIN,false
KIRK,false
KKD,false
KLAC,false
KMB,false
KMG,false
KMI,false
KMPR,false
KMT,false
KMX,false
KND,false
KNL,false
KNX,false
KO,true
KODK,false
KOG,false
KOP,false
KOPN,false
KORS,false
KOS,false
KPTI,false
KR,false
KRA,false
KRC,false
KRFT,false
KRG,false
KRNY,false
KRO,false
KS,false
KSS,false
KSU,false
KTOS,false
KTWO,false
KVHI,false
KW,false
KWK,false
KWR,false
KYTH,false
L,false
LABL,false
LAD,false
LADR,false
LAMR,false
LANC,false
LAYN,false
LAZ,false
LB,false
LBAI,false
LBMH,false
LBTYA,false
LBY,false
LCI,false
LCNB,false
LCUT,false
LDL,false
LDOS,false
LDR,false
LDRH,false
LE,false
LEA,false
LEAF,false
LECO,false
LEE,false
LEG,false
LEN,false
LF,false
LFUS,false
LFVN,false
LG,false
LGF,false
LGIH,false
LGND,false
LH,false
LHCG,false
LHO,false
LIFE,false
LII,false
LINC,false
LINTA,false
LION,false
LIOX,false
LKFN,false
LKQ,false
LL,false
LLEN,false
LLL,false
LLNW,false
LLTC,false
LLY,false
LM,false
LMCA,false
LMIA,false
LMNR,false
LMNX,false
LMOS,false
LMT,false
LNC,false
LNCE,false
LNDC,false
LNG,false
LNKD,false
LNN,false
LNT,false
LO,false
LOCK,false
LOGM,false
LOPE,false
LORL,false
LOV,false
LOW,false
LPG,false
LPI,false
LPLA,false
LPNT,false
LPSN,false
LPX,false
LQ,false
LQDT,false
LRCX,false
LRN,false
LSCC,false
LSI,false
LSTR,false
LTC,false
LTM,false
LTS,false
LTXC,false
LUB,false
LUK,false
LUV,false
LVLT,false
LVNTA,false
LVS,false
LWAY,false
LXFT,false
LXK,false
LXP,false
LXRX,false
LXU,false
LYB,false
LYTS,false
LYV,false
LZB,false
M,false
MA,false
MAA,false
MAC,false
MACK,false
MAIN,false
MAN,false
MANH,false
MANT,false
MAR,false
MAS,false
MASI,false
MAT,false
MATW,false
MATX,false
MBFI,false
MBI,false
MBII,false
MBRG,false
MBUU,false
MBVT,false
MBWM,false
MC,false
MCBC,false
MCC,false
MCD,true
MCF,false
MCGC,false
MCHP,false
MCHX,false
MCK,false
MCO,false
MCP,false
MCRI,false
MCRL,false
MCRS,false
MCS,false
MCY,false
MD,false
MDAS,false
MDC,false
MDCA,false
MDCI,false
MDCO,false
MDLZ,false
MDP,false
MDR,false
MDRX,false
MDSO,false
MDT,false
MDU,false
MDVN,false
MDW,false
MDXG,false
MEAS,false
MED,false
MEG,false
MEI,false
MEIP,false
MENT,false
MET,false
METR,false
MFA,false
MFLX,false
MFRM,false
MG,false
MGAM,false
MGEE,false
MGI,false
MGLN,false
MGM,false
MGNX,false
MGRC,false
MHFI,false
MHGC,false
MHK,false
MHLD,false
MHO,false
MHR,false
MIDD,false
MIG,false
MIL,false
MILL,false
MIND,false
MINI,false
MITK,false
MITT,false
MJN,false
MKC,false
MKL,false
MKSI,false
MKTO,false
MKTX,false
MLAB,false
MLHR,false
MLI,false
MLM,false
MLNK,false
MLR,false
MM,false
MMC,false
MMI,false
MMM,true
MMS,false
MMSI,false
MN,false
MNI,false
MNK,false
MNKD,false
MNR,false
MNRO,false
MNST,false
MNTA,false
MNTX,false
MO,false
MOD,false
MODN,false
MOFG,false
MOG_A,false
MOH,false
MON,false
MORN,false
MOS,false
MOSY,false
MOV,false
MOVE,false
MPAA,false
MPC,false
MPO,false
MPW,false
MPWR,false
MPX,false
MRC,false
MRCY,false
MRGE,false
MRH,false
MRIN,false
MRK,true
MRLN,false
MRO,false
MRTN,false
MRTX,false
MRVL,false
MS,false
MSA,false
MSCC,false
MSCI,false
MSEX,false
MSFG,false
MSFT,true
MSG,false
MSI,false
MSL,false
MSM,false
MSO,false
MSTR,false
MTB,false
MTD,false
MTDR,false
MTG,false
MTGE,false
MTH,false
MTN,false
MTOR,false
MTRN,false
MTRX,false
MTSC,false
MTSI,false
MTW,false
MTX,false
MTZ,false
MU,false
MUR,false
MUSA,false
MVC,false
MVNR,false
MW,false
MWA,false
MWIV,false
MWV,false
MWW,false
MXIM,false
MXL,false
MXWL,false
MYCC,false
MYE,false
MYGN,false
MYL,false
MYRG,false
N,false
NADL,false
NANO,false
NASB,false
NAT,false
NATH,false
NATI,false
NATL,false
NATR,false
NAV,false
NAVB,false
NAVG,false
NAVI,false
NBBC,false
NBCB,false
NBHC,false
NBIX,false
NBL,false
NBR,false
NBS,false
NBTB,false
NC,false
NCFT,false
NCI,false
NCLH,false
NCMI,false
NCR,false
NCS,false
NDAQ,false
NDLS,false
NDSN,false
NE,false
NEE,false
NEM,false
NEO,false
NEOG,false
NEON,false
NES,false
NETE,false
NEU,false
NEWM,false
NEWP,false
NEWS,false
NFBK,false
NFG,false
NFLX,false
NFX,false
NGHC,false
NGPC,false
NGS,false
NGVC,false
NHC,false
NHI,false
NI,false
NICK,false
NIHD,false
NILE,false
NJR,false
NKE,true
NKSH,false
NKTR,false
NL,false
NLNK,false
NLS,false
NLSN,false
NLY,false
NM,false
NMBL,false
NMFC,false
NMIH,false
NMRX,false
NNA,false
NNBR,false
NNI,false
NNVC,false
NOC,false
NOG,false
NOR,false
NOV,false
NOW,false
NP,false
NPBC,false
NPK,false
NPO,false
NPSP,false
NPTN,false
NR,false
NRCIA,false
NRG,false
NRIM,false
NRZ,false
NSC,false
NSIT,false
NSM,false
NSP,false
NSPH,false
NSR,false
NSTG,false
NTAP,false
NTCT,false
NTGR,false
NTK,false
NTLS,false
NTRI,false
NTRS,false
NU,false
NUAN,false
NUE,false
NUS,false
NUTR,false
NUVA,false
NVAX,false
NVDA,false
NVEC,false
NVR,false
NWBI,false
NWBO,false
NWE,false
NWHM,false
NWL,false
NWLI,false
NWN,false
NWPX,false
NWS,false
NWSA,false
NWY,false
NX,false
NXST,false
NXTM,false
NYCB,false
NYLD,false
NYMT,false
NYNY,false
NYRT,false
NYT,false
O,false
OABC,false
OAS,false
OB,false
OC,false
OCFC,false
OCLR,false
OCN,false
OCR,false
ODC,false
ODFL,false
ODP,false
OEH,false
OFC,false
OFG,false
OFIX,false
OFLX,false
OGE,false
OGS,false
OGXI,false
OHI,false
OHRP,false
OI,false
OII,false
OIS,false
OKE,false
OKSB,false
OLBK,false
OLED,false
OLN,false
OLP,false
OMC,false
OMCL,false
OME,false
OMED,false
OMER,false
OMEX,false
OMG,false
OMI,false
OMN,false
ONB,false
ONE,false
ONNN,false
ONTY,false
ONVO,false
OPB,false
OPEN,false
OPHT,false
OPK,false
OPLK,false
OPWR,false
OPY,false
ORA,false
ORB,false
ORBC,false
ORCL,false
OREX,false
ORI,false
ORIT,false
ORLY,false
ORM,false
ORN,false
OSIR,false
OSIS,false
OSK,false
OSTK,false
OSUR,false
OTTR,false
OUTR,false
OVAS,false
OVTI,false
OWW,false
OXFD,false
OXM,false
OXY,false
OZRK,false
P,false
PACB,false
PACR,false
PACW,false
PAG,false
PAHC,false
PANW,false
PATK,false
PATR,false
PAY,false
PAYC,false
PAYX,false
PB,false
PBCT,false
PBF,false
PBH,false
PBI,false
PBPB,false
PBY,false
PBYI,false
PCAR,false
PCBK,false
PCCC,false
PCG,false
PCH,false
PCL,false
PCLN,false
PCO,false
PCP,false
PCRX,false
PCTI,false
PCTY,false
PCYC,false
PCYG,false
PCYO,false
PDCE,false
PDCO,false
PDFS,false
PDLI,false
PDM,false
PE,false
PEB,false
PEBO,false
PEG,false
PEGA,false
PEGI,false
PEI,false
PEIX,false
PENN,false
PENX,false
PEP,false
PERI,false
PERY,false
PES,false
PETM,false
PETS,false
PETX,false
PF,false
PFBC,false
PFE,true
PFG,false
PFIE,false
PFIS,false
PFLT,false
PFMT,false
PFPT,false
PFS,false
PFSI,false
PG,true
PGC,false
PGEM,false
PGI,false
PGNX,false
PGR,false
PGTI,false
PH,false
PHH,false
PHIIK,false
PHM,false
PHMD,false
PHX,false
PICO,false
PII,false
PIKE,false
PIR,false
PJC,false
PKD,false
PKE,false
PKG,false
PKI,false
PKOH,false
PKT,false
PKY,false
PL,false
PLAB,false
PLCE,false
PLCM,false
PLD,false
PLKI,false
PLL,false
PLMT,false
PLOW,false
PLPC,false
PLPM,false
PLT,false
PLUG,false
PLUS,false
PLXS,false
PLXT,false
PM,false
PMC,false
PMCS,false
PMFG,false
PMT,false
PNC,false
PNFP,false
PNK,false
PNM,false
PNNT,false
PNR,false
PNRA,false
PNW,false
PNX,false
PNY,false
PODD,false
POL,false
POM,false
POOL,false
POR,false
POST,false
POWI,false
POWL,false
POWR,false
POZN,false
PPBI,false
PPC,false
PPG,false
PPHM,false
PPL,false
PPO,false
PPS,false
PQ,false
PRA,false
PRAA,false
PRE,false
PRFT,false
PRGO,false
PRGS,false
PRGX,false
PRI,false
PRIM,false
PRK,false
PRKR,false
PRLB,false
PRO,false
PROV,false
PRSC,false
PRTA,false
PRU,false
PRXL,false
PSA,false
PSB,false
PSEC,false
PSEM,false
PSIX,false
PSMI,false
PSMT,false
PSTB,false
PSUN,false
PSX,false
PTCT,false
PTEN,false
PTGI,false
PTIE,false
PTLA,false
PTP,false
PTRY,false
PTSI,false
PTX,false
PVA,false
PVH,false
PVTB,false
PWOD,false
PWR,false
PX,false
PXD,false
PYPL,false
PZG,false
PZN,false
PZZA,false
Q,false
QADA,false
QCOM,false
QCOR,false
QDEL,false
QEP,false
QGEN,false
QLGC,false
QLIK,false
QLTY,false
QLYS,false
QNST,false
QRHC,false
QRVO,false
QSII,false
QTM,false
QTS,false
QTWO,false
QUAD,false
QUIK,false
R,false
RAD,false
RAI,false
RAIL,false
RALY,false
RARE,false
RAS,false
RATE,false
RAVN,false
RAX,false
RBC,false
RBCAA,false
RBCN,false
RCAP,false
RCII,false
RCKB,false
RCL,false
RCPT,false
RDC,false
RDEN,false
RDI,false
RDN,false
RDNT,false
RE,false
RECN,false
REG,false
REGI,false
REGN,false
REI,false
REIS,false
RELL,false
REMY,false
REN,false
RENT,false
RES,false
RESI,false
REV,false
REX,false
REXI,false
REXR,false
REXX,false
RF,false
RFMD,false
RFP,false
RGA,false
RGC,false
RGDO,false
RGEN,false
RGLD,false
RGLS,false
RGR,false
RGS,false
RH,false
RHI,false
RHP,false
RHT,false
RIG,false
RIGL,false
RJET,false
RJF,false
RKT,false
RKUS,false
RL,false
RLD,false
RLGY,false
RLI,false
RLJ,false
RLOC,false
RLYP,false
RM,false
RMAX,false
RMBS,false
RMD,false
RMTI,false
RNDY,false
RNET,false
RNG,false
RNR,false
RNST,false
RNWK,false
ROC,false
ROCK,false
ROG,false
ROIAK,false
ROIC,false
ROK,false
ROL,false
ROLL,false
ROP,false
ROSE,false
ROST,false
ROVI,false
RP,false
RPAI,false
RPM,false
RPRX,false
RPT,false
RPTP,false
RPXC,false
RRC,false
RRD,false
RRGB,false
RRTS,false
RS,false
RSE,false
RSG,false
RSH,false
RSO,false
RSPP,false
RST,false
RSTI,false
RSYS,false
RT,false
RTEC,false
RTI,false
RTIX,false
RTK,false
RTN,false
RTRX,false
RUBI,false
RUSHA,false
RUTH,false
RVBD,false
RVLT,false
RVNC,false
RWT,false
RXN,false
RYL,false
RYN,false
S,false
SAAS,false
SAFM,false
SAFT,false
SAH,false
SAIA,false
SAIC,false
SALE,false
SALM,false
SALT,false
SAM,false
SAMG,false
SANM,false
SAPE,false
SASR,false
SATS,false
SAVE,false
SB,false
SBAC,false
SBCF,false
SBGI,false
SBH,false
SBNY,false
SBRA,false
SBSI,false
SBUX,false
SBY,false
SCAI,false
SCBT,false
SCCO,false
SCG,false
SCHL,false
SCHN,false
SCHW,false
SCI,false
SCL,false
SCLN,false
SCM,false
SCMP,false
SCOR,false
SCS,false
SCSC,false
SCSS,false
SCTY,false
SCVL,false
SD,false
SDRL,false
SE,false
SEAC,false
SEAS,false
SEB,false
SEE,false
SEIC,false
SEM,false
SEMG,false
SENEA,false
SF,false
SFBS,false
SFE,false
SFG,false
SFL,false
SFLY,false
SFNC,false
SFXE,false
SFY,false
SGA,false
SGBK,false
SGEN,false
SGI,false
SGK,false
SGM,false
SGMO,false
SGMS,false
SGNT,false
SGY,false
SGYP,false
SHEN,false
SHLD,false
SHLM,false
SHLO,false
SHO,false
SHOO,false
SHOR,false
SHOS,false
SHW,false
SIAL,false
SIF,false
SIG,false
SIGA,false
SIGI,false
SIGM,false
SIMG,false
SIR,false
SIRI,false
SIRO,false
SIVB,false
SIX,false
SJI,false
SJM,false
SJW,false
SKH,false
SKT,false
SKUL,false
SKX,false
SKYW,false
SLAB,false
SLB,false
SLCA,false
SLG,false
SLGN,false
SLH,false
SLM,false
SLRC,false
SLXP,false
SM,false
SMA,false
SMCI,false
SMG,false
SMP,false
SMRT,false
SMTC,false
SN,false
SNA,false
SNAK,false
SNBC,false
SNCR,false
SNDK,false
SNH,false
SNHY,false
SNI,false
SNMX,false
SNOW,false
SNPS,false
SNSS,false
SNTA,false
SNV,false
SNX,false
SO,false
SON,false
SONC,false
SONS,false
SP,false
SPA,false
SPAR,false
SPB,false
SPDC,false
SPF,false
SPG,false
SPGI,false
SPLK,false
SPLS,false
SPN,false
SPNC,false
SPNS,false
SPPI,false
SPR,false
SPRT,false
SPSC,false
SPTN,false
SPW,false
SPWH,false
SPWR,false
SQBG,false
SQBK,false
SQI,false
SQNM,false
SRCE,false
SRCL,false
SRDX,false
SRE,false
SREV,false
SRI,false
SRPT,false
SSD,false
SSI,false
SSNC,false
SSNI,false
SSP,false
SSS,false
SSTK,false
SSYS,false
STAA,false
STAG,false
STAR,false
STBA,false
STBZ,false
STC,false
STCK,false
STE,false
STFC,false
STI,false
STJ,false
STL,false
STLD,false
STML,false
STMP,false
STNG,false
STNR,false
STR,false
STRA,false
STRL,false
STRT,false
STRZA,false
STSA,false
STSI,false
STT,false
STWD,false
STX,false
STZ,false
SUBK,false
SUI,false
SUN,false
SUNE,false
SUNS,false
SUP,false
SUPN,false
SUPX,false
SUSQ,false
SUSS,false
SVU,false
SVVC,false
SWAY,false
SWC,false
SWFT,false
SWHC,false
SWI,false
SWK,false
SWKS,false
SWM,false
SWN,false
SWS,false
SWSH,false
SWX,false
SWY,false
SXC,false
SXI,false
SXT,false
SYA,false
SYBT,false
SYF,false
SYK,false
SYKE,false
SYMC,false
SYNA,false
SYNT,false
SYRG,false
SYUT,false
SYX,false
SYY,false
SZMK,false
SZYM,false
T,false
TAHO,false
TAL,false
TAM,false
TAP,false
TASR,false
TAST,false
TAT,false
TAX,false
TAXI,false
TAYC,false
TBBK,false
TBI,false
TBNK,false
TBPH,false
TCAP,false
TCB,false
TCBI,false
TCBK,false
TCO,false
TCPC,false
TCRD,false
TCS,false
TDC,false
TDG,false
TDS,false
TDW,false
TDY,false
TE,false
TEAR,false
TECD,false
TECH,false
TECUA,false
TEG,false
TEL,false
TEN,false
TER,false
TESO,false
TESS,false
TEX,false
TFM,false
TFSL,false
TFX,false
TG,false
TGE,false
TGH,false
TGI,false
TGNA,false
TGT,false
TGTX,false
THC,false
THFF,false
THG,false
THLD,false
THO,false
THOR,false
THR,false
THRM,false
THRX,false
THS,false
TIBX,false
TICC,false
TIF,false
TILE,false
TIME,false
TIPT,false
TIS,false
TISI,false
TITN,false
TIVO,false
TJX,false
TK,false
TKR,false
TLMR,false
TLYS,false
TMH,false
TMHC,false
TMK,false
TMO,false
TMP,false
TMUS,false
TNAV,false
TNC,false
TNDM,false
TNET,false
TNGO,false
TNK,false
TOL,false
TOWN,false
TOWR,false
TPC,false
TPH,false
TPLM,false
TPR,false
TPRE,false
TPX,false
TQNT,false
TR,false
TRAK,false
TRC,false
TREC,false
TREE,false
TREX,false
TRGP,false
TRGT,false
TRI,false
TRIP,false
TRIV,false
TRK,false
TRLA,false
TRMB,false
TRMK,false
TRMR,false
TRN,false
TRNO,false
TRNX,false
TROW,false
TROX,false
TRR,false
TRS,false
TRST,false
TRUE,false
TRV,true
TRW,false
TRXC,false
TSC,false
TSCO,false
TSLA,false
TSN,false
TSO,false
TSRA,false
TSRE,false
TSRO,false
TSS,false
TSYS,false
TTC,false
TTEC,false
TTEK,false
TTGT,false
TTI,false
TTMI,false
TTPH,false
TTS,false
TTWO,false
TUES,false
TUMI,false
TUP,false
TW,false
TWC,false
TWER,false
TWGP,false
TWI,false
TWIN,false
TWMC,false
TWO,false
TWOU,false
TWTC,false
TWTR,false
TWX,false
TXI,false
TXMD,false
TXN,false
TXRH,false
TXT,false
TXTR,false
TYC,false
TYL,false
TYPE,false
TZOO,false
UA,false
UAA,false
UACL,false
UAL,false
UAM,false
UA_C,false
UBA,false
UBNK,false
UBNT,false
UBSH,false
UBSI,false
UCBI,false
UCFC,false
UCP,false
UCTT,false
UDR,false
UEC,false
UEIC,false
UFCS,false
UFI,false
UFPI,false
UFPT,false
UFS,false
UGI,false
UHAL,false
UHS,false
UHT,false
UIHC,false
UIL,false
UIS,false
ULTA,false
ULTI,false
ULTR,false
UMBF,false
UMH,false
UMPQ,false
UNF,false
UNFI,false
UNH,true
UNIS,false
UNM,false
UNP,false
UNS,false
UNT,false
UNTD,false
UNXL,false
UPIP,false
UPL,false
UPS,false
URBN,false
URG,false
URI,false
URS,false
USAK,false
USAP,false
USB,false
USCR,false
USG,false
USLM,false
USM,false
USMD,false
USMO,false
USNA,false
USPH,false
USTR,false
UTEK,false
UTHR,false
UTI,false
UTIW,false
UTL,false
UTMD,false
UTX,true
UVE,false
UVSP,false
UVV,false
V,true
VAC,false
VAL,false
VAR,false
VASC,false
VC,false
VCRA,false
VCYT,false
VDSI,false
VECO,false
VFC,false
VG,false
VGR,false
VHC,false
VIAB,false
VIAS,false
VICL,false
VICR,false
VITC,false
VIVO,false
VLCCF,false
VLGEA,false
VLO,false
VLY,false
VMC,false
VMEM,false
VMI,false
VMW,false
VNCE,false
VNDA,false
VNO,false
VNTV,false
VOCS,false
VOD,false
VOLC,false
VOXX,false
VOYA,false
VPFG,false
VPG,false
VPRT,false
VR,false
VRA,false
VRNG,false
VRNS,false
VRNT,false
VRSK,false
VRSN,false
VRTS,false
VRTU,false
VRTX,false
VRX,false
VSAR,false
VSAT,false
VSEC,false
VSH,false
VSI,false
VSTM,false
VTG,false
VTL,false
VTNR,false
VTR,false
VTSS,false
VVC,false
VVI,false
VVTV,false
VVUS,false
VZ,true
WAB,false
WABC,false
WAC,false
WAFD,false
WAG,false
WAGE,false
WAIR,false
WAL,false
WASH,false
WAT,false
WBA,false
WBC,false
WBCO,false
WBMD,false
WBS,false
WCC,false
WCG,false
WCIC,false
WCN,false
WD,false
WDAY,false
WDC,false
WDFC,false
WDR,false
WEC,false
WELL,false
WEN,false
WERN,false
WETF,false
WEX,false
WEYS,false
WFC,false
WFD,false
WFM,false
WG,false
WGL,false
WGO,false
WHF,false
WHG,false
WHR,false
WIBC,false
WIFI,false
WIN,false
WINA,false
WIRE,false
WIX,false
WLB,false
WLH,false
WLK,false
WLL,false
WLP,false
WLT,false
WLTW,false
WM,false
WMAR,false
WMB,false
WMC,false
WMGI,false
WMK,false
WMT,true
WNC,false
WNR,false
WOOF,false
WOR,false
WPP,false
WPX,false
WR,false
WRB,false
WRE,false
WRES,false
WRI,false
WRK,false
WRLD,false
WSBC,false
WSBF,false
WSFS,false
WSM,false
WSO,false
WSR,false
WST,false
WSTC,false
WSTL,false
WTBA,false
WTFC,false
WTI,false
WTM,false
WTR,false
WTS,false
WTSL,false
WTW,false
WU,false
WWAV,false
WWD,false
WWE,false
WWW,false
WWWW,false
WY,false
WYN,false
WYNN,false
X,false
XCO,false
XCRA,false
XEC,false
XEL,false
XL,false
XLNX,false
XLRN,false
XLS,false
XNCR,false
XNPT,false
XOM,true
XOMA,false
XON,false
XONE,false
XOOM,false
XOXO,false
XPO,false
XRAY,false
XRM,false
XRX,false
XXIA,false
XXII,false
XYL,false
Y,false
YDKN,false
YELP,false
YHOO,false
YORW,false
YRCW,false
YUM,false
YUME,false
Z,false
ZAGG,false
ZAZA,false
ZBH,false
ZBRA,false
ZEN,false
ZEP,false
ZEUS,false
ZGNX,false
ZIGO,false
ZINC,false
ZION,false
ZIOP,false
ZIXI,false
ZLC,false
ZLTQ,false
ZMH,false
ZNGA,false
ZOES,false
ZQK,false
ZTS,false
ZUMZ,false
